timestamp,temperature,outlet_temp,delta_t,pump_speed,fan_speed,efficiency,power_consumption,coolant_flow,workload,status,scenario
2024-08-24 00:00:00,40.49448360881078,41.46981524718897,0.9753316383781865,64.64101145626938,61.265183862912274,65.19618137691451,97.53316383781865,7.878460687376163,60.0,Normal,normal
2024-08-24 00:05:00,39.59017807721538,40.54750033233125,0.9573222551158764,67.14903455585491,62.76302296568675,69.95217925186662,95.73222551158788,8.028942073351296,60.0,Normal,normal
2024-08-24 00:10:00,39.923875704640636,40.868909382902125,0.9450336782614883,64.96798841084563,58.934803552727374,68.79215323229025,94.50336782614868,7.898079304650738,60.0,Normal,normal
2024-08-24 00:15:00,40.801644853258274,41.820289881149705,1.0186450278914307,67.45394357216973,61.31584367945621,66.71466286921255,101.8645027891433,8.047236614330185,60.0,Normal,normal
2024-08-24 00:20:00,40.28919695723141,41.24095080509077,0.9517538478593579,67.08679463762607,57.66598893626713,69.12607260929101,95.17538478593578,8.025207678257564,60.0,Normal,normal
2024-08-24 00:25:00,39.71538903074519,40.67458786906814,0.9591988383229477,66.55833473753721,63.20062575703003,68.07814880496649,95.91988383229474,7.993500084252233,60.0,Normal,normal
2024-08-24 00:30:00,39.19198210544892,40.15833018030557,0.9663480748566471,64.53350112363634,61.30512590014792,69.20257257597203,96.63480748566461,7.872010067418181,60.0,Normal,normal
2024-08-24 00:35:00,39.83917880108163,40.858968474474366,1.0197896733927365,66.2270168010409,59.147252174420764,69.33342795297753,101.97896733927392,7.973621008062454,60.0,Normal,normal
2024-08-24 00:40:00,40.38994097179816,41.349810998545536,0.9598700267473745,66.18794671159219,58.42849385075553,65.23549499301298,95.98700267473733,7.971276802695532,60.0,Normal,normal
2024-08-24 00:45:00,40.39413297312385,41.394873500940676,1.0007405278168235,65.78442166507895,61.178681506214204,68.3728559504703,100.07405278168254,7.947065299904737,60.0,Normal,normal
2024-08-24 00:50:00,39.965948741922645,40.99924053763532,1.0332917957126782,64.25584217951908,63.00789743526696,66.55689017051661,103.32917957126755,7.855350530771144,60.0,Normal,normal
2024-08-24 00:55:00,39.805398177590305,40.81415173985165,1.0087535622613473,66.22849760161819,59.80997562459008,66.99881714907298,100.87535622613498,7.973709856097091,60.0,Normal,normal
2024-08-24 01:00:00,41.82762015000331,42.86581436091793,1.038194210914618,69.5555908102642,61.02051352902028,71.13796469852365,103.81942109146183,8.173335448615852,60.0,Normal,normal
2024-08-24 01:05:00,39.67602194784753,40.58722983409448,0.9112078862469488,68.26342645767194,62.542121483442536,64.26476728062046,91.12078862469497,8.095805587460315,60.0,Normal,normal
2024-08-24 01:10:00,40.43366503082701,41.34715458707282,0.9134895562458141,67.50957811932699,63.42682327974574,64.37932439365777,91.34895562458135,8.050574687159619,60.0,Normal,normal
2024-08-24 01:15:00,41.026660712644244,41.99324258242178,0.966581869777535,64.83110143236583,60.49973454405246,66.69612343179722,96.65818697775323,7.889866085941949,60.0,Normal,normal
2024-08-24 01:20:00,41.2260782681152,42.24031440393984,1.014236135824639,70.09416154625708,57.35445192235389,65.0007997341623,101.42361358246362,8.205649692775424,60.0,Normal,normal
2024-08-24 01:25:00,40.993490940789144,41.965600669988085,0.9721097291989409,67.67768220292923,61.18567354715964,67.5721320597265,97.21097291989432,8.060660932175754,60.0,Normal,normal
2024-08-24 01:30:00,41.07965954436009,42.094692680254084,1.0150331358939937,67.56462764970355,61.55497285314469,69.32071467803789,101.50331358939931,8.053877658982213,60.0,Normal,normal
2024-08-24 01:35:00,40.656948592462584,41.62961522356808,0.972666631105497,66.39628065432454,64.26134248302893,69.52783498095788,97.26666311054943,7.983776839259473,60.0,Normal,normal
2024-08-24 01:40:00,40.81136344287758,41.818578518819194,1.007215075941616,66.72960374245379,63.64231151824519,67.62468910648101,100.72150759416189,8.003776224547227,60.0,Normal,normal
2024-08-24 01:45:00,40.44524387800333,41.49172255607397,1.0464786780706348,65.99369503241235,64.55552145863159,68.90491999089517,104.64786780706359,7.959621701944741,60.0,Normal,normal
2024-08-24 01:50:00,40.625902510410974,41.67958139048041,1.0536788800694339,69.62998430028719,63.445267240144695,66.1980134875259,105.36788800694316,8.177799058017232,60.0,Normal,normal
2024-08-24 01:55:00,41.29257779555734,42.271752630883576,0.9791748353262335,68.80084612418653,60.795693877492994,64.33253185222522,97.91748353262355,8.128050767451192,60.0,Normal,normal
2024-08-24 02:00:00,41.737108951395776,42.70043962146138,0.9633306700656021,66.90097925503318,62.49844335683609,68.68774852220803,96.33306700656023,8.01405875530199,60.0,Normal,normal
2024-08-24 02:05:00,41.14097532037211,42.15201119419329,1.0110358738211858,66.40159432389024,59.849694549985976,68.59791075528193,101.1035873821187,7.9840956594334145,60.0,Normal,normal
2024-08-24 02:10:00,41.679743952253716,42.72177663708036,1.0420326848266441,69.34062976257535,65.81311300691077,60.946546166082406,104.20326848266407,8.160437785754521,60.0,Normal,normal
2024-08-24 02:15:00,41.12872736579427,42.20524301458007,1.0765156487858007,63.37251686724525,59.15388824093153,61.63456528512903,107.65156487857973,7.802351012034715,60.0,Normal,normal
2024-08-24 02:20:00,41.08841495800211,42.20307797034503,1.1146630123429162,67.2140624049734,63.65078983400023,67.57705520436782,111.46630123429175,8.032843744298404,60.0,Normal,normal
2024-08-24 02:25:00,41.45686592937885,42.506287123810516,1.049421194431666,66.26513231627227,62.272072895950394,67.14922872499409,104.94211944316645,7.975907938976336,60.0,Normal,normal
2024-08-24 02:30:00,41.08011453779768,42.140426600044535,1.060312062246858,68.69104039307852,63.21080057776936,64.19577390995435,106.03120622468604,8.121462423584711,60.0,Normal,normal
2024-08-24 02:35:00,41.263356779920244,42.262524645073626,0.9991678651533817,66.29995462710949,65.00542036290572,69.48434058938355,99.9167865153382,7.977997277626569,60.0,Normal,normal
2024-08-24 02:40:00,42.31597811520052,43.29684280461041,0.9808646894098842,69.20171284009223,61.802559843107026,66.75375616533657,98.08646894098878,8.152102770405534,60.0,Normal,normal
2024-08-24 02:45:00,41.07000203367686,42.1473987856978,1.0773967520209453,68.15523540883244,59.297792776765924,64.52060494018117,107.7396752020947,8.089314124529945,60.0,Normal,normal
2024-08-24 02:50:00,41.38119072785233,42.46083336727248,1.0796426394201504,67.34623779211306,62.46360090504743,64.97358389325588,107.96426394201482,8.040774267526784,60.0,Normal,normal
2024-08-24 02:55:00,40.826990676433226,41.915082276519364,1.0880916000861376,69.73613287697994,62.6767389119351,66.36083401602409,108.80916000861343,8.184167972618797,60.0,Normal,normal
2024-08-24 03:00:00,41.86735798330199,42.93022876170266,1.062870778400665,68.69807589446,60.94340009391114,66.41856446360889,106.28707784006656,8.1218845536676,60.0,Normal,normal
2024-08-24 03:05:00,40.93149696920678,42.05264072220533,1.1211437529985488,67.89632911623963,65.40917750831635,66.99836992164808,112.11437529985497,8.073779746974378,60.0,Normal,normal
2024-08-24 03:10:00,41.712463676883715,42.768006044494406,1.0555423676106912,72.414239328358,63.40089081482184,62.88053200425664,105.55423676106942,8.344854359701479,60.0,Normal,normal
2024-08-24 03:15:00,41.635781744334174,42.70494505825463,1.0691633139204555,66.4945909552703,61.8506639061707,62.40284260577155,106.91633139204562,7.989675457316218,60.0,Normal,normal
2024-08-24 03:20:00,41.77628590832169,42.81813500010689,1.0418490917852026,70.06035444621115,63.88759571884105,65.42308548802646,104.18490917852046,8.203621266772668,60.0,Normal,normal
2024-08-24 03:25:00,42.109958046869856,43.14113859319174,1.0311805463218846,69.24937219670414,63.044346354588654,69.12525880301295,103.1180546321884,8.154962331802249,60.0,Normal,normal
2024-08-24 03:30:00,42.625330083836104,43.70282230749578,1.0774922236596751,71.19728232170525,68.9668365656201,65.6326813898574,107.7492223659677,8.271836939302315,60.0,Normal,normal
2024-08-24 03:35:00,41.77599718396809,42.84598156646276,1.069984382494674,69.47570739527596,61.281196709484725,70.12372912561038,106.99843824946734,8.168542443716557,60.0,Normal,normal
2024-08-24 03:40:00,42.542247742188316,43.60717564065287,1.0649278984645534,68.67688207388042,65.17800771214502,68.89107915982098,106.49278984645538,8.120612924432825,60.0,Normal,normal
2024-08-24 03:45:00,41.81933273934783,42.98830080029843,1.1689680609506041,71.07246140645184,64.50735203084496,64.25184252765669,116.89680609506037,8.264347684387111,60.0,Normal,normal
2024-08-24 03:50:00,41.250804632990025,42.36311131413322,1.1123066811431954,68.10035881295957,62.69788014480577,60.6179976582922,111.23066811431967,8.086021528777575,60.0,Normal,normal
2024-08-24 03:55:00,41.701422761638746,42.697194639702985,0.9957718780642395,69.73322547354925,64.85721836738416,63.94704364937374,99.57718780642372,8.183993528412955,60.0,Normal,normal
2024-08-24 04:00:00,41.641148233753725,42.72340608880019,1.082257855046464,70.40870391705856,63.12947312883327,67.50402687161305,108.22578550464632,8.224522235023514,60.0,Normal,normal
2024-08-24 04:05:00,42.07248115768974,43.116793507890726,1.0443123502009897,69.86760630233069,65.73766123231105,62.54705679175159,104.4312350200987,8.192056378139842,60.0,Normal,normal
2024-08-24 04:10:00,42.0911884139773,43.150644778078764,1.0594563641014645,70.26856449824997,64.63285687387719,65.23822945940633,105.94563641014632,8.216113869894999,60.0,Normal,normal
2024-08-24 04:15:00,42.26850997902375,43.41498240495276,1.1464724259290122,68.07166603812013,62.188223416009876,63.12567878545082,114.6472425929015,8.084299962287208,60.0,Normal,normal
2024-08-24 04:20:00,41.76164894470106,42.842426396592785,1.080777451891727,68.30181445968165,63.112705205166776,61.017685801683164,108.07774518917238,8.0981088675809,60.0,Normal,normal
2024-08-24 04:25:00,41.16825425185638,42.200874553943684,1.0326203020873024,73.28032473239719,66.4662936239613,63.869789144768866,103.26203020873034,8.396819483943831,60.0,Normal,normal
2024-08-24 04:30:00,42.64243891336314,43.695735394171166,1.0532964808080294,70.46475705876442,65.62488925348677,66.39978982336795,105.32964808080263,8.227885423525866,60.0,Normal,normal
2024-08-24 04:35:00,42.32119069825235,43.35576125593367,1.0345705576813202,70.51802864094029,62.589527730513254,70.54394360597718,103.45705576813204,8.231081718456418,60.0,Normal,normal
2024-08-24 04:40:00,41.453699791572824,42.69135495133436,1.2376551597615375,72.10755712572555,67.27762340390277,66.77057181861043,123.76551597615375,8.326453427543534,60.0,Normal,normal
2024-08-24 04:45:00,41.72335009195749,42.8509380574478,1.1275879654903065,72.18686583774806,64.76738659028491,64.46157437279875,112.75879654903048,8.331211950264883,60.0,Normal,normal
2024-08-24 04:50:00,41.310033495748776,42.40708130685299,1.0970478111042112,74.38711944461669,64.66540751594547,62.67892434436322,109.7047811104209,8.463227166677001,60.0,Normal,normal
2024-08-24 04:55:00,42.81461808480766,43.9133026176346,1.0986845328269368,67.6733523513007,63.899503764195266,63.653500114092026,109.86845328269338,8.060401141078042,60.0,Normal,normal
2024-08-24 05:00:00,43.06717307772855,44.184805821690425,1.1176327439618774,69.47195929785737,67.11129102280614,65.93431206712182,111.76327439618763,8.168317557871442,60.0,Normal,normal
2024-08-24 05:05:00,41.908364104136766,43.005888334567665,1.0975242304308992,70.03002967839956,66.2601670378536,64.15856441346624,109.75242304308964,8.201801780703974,60.0,Normal,normal
2024-08-24 05:10:00,41.464676508386205,42.63746213081324,1.1727856224270354,66.67450474713894,67.91680433830386,64.88867046170205,117.27856224270346,8.000470284828337,60.0,Normal,normal
2024-08-24 05:15:00,42.25058656667328,43.32417726843766,1.073590701764381,69.67885964731242,65.47546325572563,64.78398864099218,107.35907017643792,8.180731578838746,60.0,Normal,normal
2024-08-24 05:20:00,42.75926317699743,43.93736121208324,1.1780980350858101,68.36524085382236,66.96463490228592,63.03237494245377,117.80980350858077,8.10191445122934,60.0,Normal,normal
2024-08-24 05:25:00,42.57511228777519,43.57450276893631,0.9993904811611216,68.44093954399749,65.41409115974,67.65993072964149,99.93904811611206,8.10645637263985,60.0,Normal,normal
2024-08-24 05:30:00,42.00801732780987,43.14035763566323,1.1323403078533616,68.34534990965541,63.651302878814555,66.13018790578207,113.23403078533615,8.100720994579325,60.0,Normal,normal
2024-08-24 05:35:00,41.93872054770924,42.88693372395598,0.948213176246739,70.2729269632067,62.84647374787424,65.04576421205117,94.82131762467368,8.216375617792401,60.0,Normal,normal
2024-08-24 05:40:00,41.663912953040345,42.67826056610851,1.0143476130681677,69.87012402234816,63.010955423433145,65.80668989583914,101.43476130681685,8.19220744134089,60.0,Normal,normal
2024-08-24 05:45:00,41.96625202360503,43.03449971018959,1.068247686584563,70.69054139170765,67.20027882831371,60.827385175727116,106.82476865845634,8.241432483502459,60.0,Normal,normal
2024-08-24 05:50:00,41.65650006405092,42.84824453761314,1.191744473562224,70.84249884033056,67.32224529518132,62.67606510865122,119.17444735622263,8.250549930419833,60.0,Normal,normal
2024-08-24 05:55:00,42.19796770379248,43.39477204431246,1.1968043405199822,69.55765162877721,63.76265527891529,64.20319942473125,119.68043405199829,8.173459097726631,60.0,Normal,normal
2024-08-24 06:00:00,42.01510593490634,43.160093730546585,1.1449877956402474,70.17610437065463,64.90956331872623,63.24054228804643,114.49877956402443,8.210566262239277,60.0,Normal,normal
2024-08-24 06:05:00,42.158622015258175,43.17571423267571,1.0170922174175345,72.42702633307304,62.63723025028166,67.13735958939758,101.70922174175377,8.345621579984382,60.0,Normal,normal
2024-08-24 06:10:00,42.39447263777902,43.57449424218513,1.1800216044061145,71.39222508809601,65.41269647523188,65.2870299037656,118.00216044061176,8.28353350528576,60.0,Normal,normal
2024-08-24 06:15:00,41.678369344949296,42.835319630373114,1.156950285423818,65.8851751280131,63.615547962641365,62.47835455994418,115.69502854238175,7.953110507680787,60.0,Normal,normal
2024-08-24 06:20:00,41.57087327045896,42.74719741857138,1.1763241481124211,68.16309135866881,65.74446921556473,67.82851763697987,117.63241481124243,8.089785481520128,60.0,Normal,normal
2024-08-24 06:25:00,42.293578336416125,43.42903160135568,1.1354532649395566,64.40844348937031,65.40548796420357,62.9016722598665,113.54532649395554,7.864506609362219,60.0,Normal,normal
2024-08-24 06:30:00,42.1267719784685,43.24116281793314,1.1143908394646402,68.1940175660139,63.93862576064536,66.97162400170517,111.43908394646415,8.091641053960835,60.0,Normal,normal
2024-08-24 06:35:00,41.05006945410362,42.16645522282473,1.1163857687211092,68.82045848901926,68.2311043751915,67.71050905896536,111.63857687211122,8.129227509341156,60.0,Normal,normal
2024-08-24 06:40:00,42.0507122914632,43.12797753758045,1.0772652461172498,67.70333180587733,68.18826825799604,63.95281665562981,107.72652461172507,8.062199908352639,60.0,Normal,normal
2024-08-24 06:45:00,41.34037550294458,42.52298489132458,1.1826093883800013,70.9290994099556,64.13638889593638,64.57403294775136,118.26093883800038,8.255745964597336,60.0,Normal,normal
2024-08-24 06:50:00,41.819989257944655,42.88807156073211,1.0680823027874524,71.65489177781177,63.2553227952502,65.37430722031296,106.80823027874554,8.299293506668706,60.0,Normal,normal
2024-08-24 06:55:00,41.246968125945706,42.35139689027688,1.1044287643311748,70.54012794185064,67.4291291023577,62.98816571007288,110.44287643311722,8.232407676511038,60.0,Normal,normal
2024-08-24 07:00:00,42.07612131546409,43.25648727686937,1.180365961405279,68.04066093767338,62.31177212014345,64.56014017430897,118.036596140528,8.082439656260403,60.0,Normal,normal
2024-08-24 07:05:00,41.60959421166002,42.67498475976871,1.0653905481086952,69.84754686414907,63.11778884608216,66.63326414679372,106.53905481086963,8.190852811848945,60.0,Normal,normal
2024-08-24 07:10:00,41.92445545620349,42.95287236881099,1.0284169126075042,70.29367677943964,64.69660428899377,63.61547194391927,102.84169126075074,8.217620606766378,60.0,Normal,normal
2024-08-24 07:15:00,41.622142948218716,42.6960069617366,1.073864013517884,70.90606323442499,63.09933508203711,64.33619370592874,107.38640135178844,8.2543637940655,60.0,Normal,normal
2024-08-24 07:20:00,41.822925708871686,42.900178792753465,1.0772530838817787,69.56086677007524,65.11730729553088,63.3556697552601,107.72530838817772,8.173652006204513,60.0,Normal,normal
2024-08-24 07:25:00,41.28320698150201,42.29271216687507,1.0095051853730581,67.34714242440737,64.49347196009148,62.7778537425846,100.95051853730574,8.040828545464443,60.0,Normal,normal
2024-08-24 07:30:00,41.45755440036128,42.45139187247899,0.9938374721177112,68.531270369275,62.615311125084176,64.48064954861576,99.38374721177138,8.1118762221565,60.0,Normal,normal
2024-08-24 07:35:00,41.98260232732553,43.05260639394239,1.0700040666168604,72.51550222474387,67.00612103838631,61.11120519670104,107.0004066616862,8.350930133484631,60.0,Normal,normal
2024-08-24 07:40:00,41.74828160573468,42.80557886409452,1.0572972583598386,66.72725805157658,66.98527560976028,63.389478245109174,105.72972583598397,8.003635483094595,60.0,Normal,normal
2024-08-24 07:45:00,41.293833577633265,42.29994682622335,1.0061132485900828,67.8472066213283,65.21047224841246,67.74845440702407,100.61132485900832,8.070832397279698,60.0,Normal,normal
2024-08-24 07:50:00,41.62564756667105,42.77914582914765,1.153498262476603,70.48802109284027,67.08836916783068,66.09663481188443,115.34982624765998,8.229281265570416,60.0,Normal,normal
2024-08-24 07:55:00,41.39194985155719,42.46316352604942,1.0712136744922276,68.10704404447945,62.08893023643929,66.30341429763867,107.12136744922296,8.086422642668767,60.0,Normal,normal
2024-08-24 08:00:00,41.13423519043625,42.15284893789569,1.0186137474594403,71.51029169684853,66.88100221459577,64.75883804280257,101.86137474594412,8.290617501810912,60.0,Normal,normal
2024-08-24 08:05:00,41.529087327626065,42.59376406313456,1.0646767355084918,70.61990154811556,65.23387824688898,65.53746269843009,106.46767355084906,8.237194092886934,60.0,Normal,normal
2024-08-24 08:10:00,41.265355090489024,42.36195972864842,1.0966046381593983,68.48497206441822,63.199454420931914,64.3567994272478,109.66046381594012,8.109098323865092,60.0,Normal,normal
2024-08-24 08:15:00,41.66492708402896,42.71441618545063,1.0494891014216705,66.278640095041,64.62102300943813,66.9846827213642,104.9489101421671,7.97671840570246,60.0,Normal,normal
2024-08-24 08:20:00,41.115468561199,42.16437999347258,1.0489114322735773,67.20924484413774,62.17247521122261,66.22961898448818,104.8911432273576,8.032554690648265,60.0,Normal,normal
2024-08-24 08:25:00,41.97028406093525,42.928786342404294,0.9585022814690447,73.99815052345035,64.62126269568242,66.73299247627831,95.85022814690441,8.43988903140702,60.0,Normal,normal
2024-08-24 08:30:00,41.85699573015064,42.901230499770264,1.0442347696196208,69.31846732926857,61.306066065535745,63.29617631457438,104.42347696196241,8.159108039756115,60.0,Normal,normal
2024-08-24 08:35:00,41.101413900048435,42.10532936530529,1.0039154652568527,69.37792060286425,63.399418090327224,65.49091924816534,100.39154652568497,8.162675236171856,60.0,Normal,normal
2024-08-24 08:40:00,42.257445999027254,43.39691926012821,1.139473261100953,69.63085332718639,60.651494579571036,64.8852947869494,113.94732611009543,8.177851199631183,60.0,Normal,normal
2024-08-24 08:45:00,41.739112295592086,42.75688183386057,1.0177695382684817,68.01471979569152,62.23583785511194,65.9957276387984,101.77695382684789,8.080883187741492,60.0,Normal,normal
2024-08-24 08:50:00,41.94309921716521,43.0126374080636,1.0695381908983848,73.48567780461559,67.89364826965378,69.26835242711526,106.95381908983855,8.409140668276935,60.0,Normal,normal
2024-08-24 08:55:00,40.59508976561361,41.70436424271734,1.1092744771037317,69.369060182576,65.35296326054754,67.73546091061272,110.927447710373,8.16214361095456,60.0,Normal,normal
2024-08-24 09:00:00,42.34645668425336,43.42997253871538,1.0835158544620214,70.34504427726985,63.82041387668292,65.27085168998613,108.3515854462018,8.220702656636192,60.0,Normal,normal
2024-08-24 09:05:00,40.96519849931252,42.10827138075067,1.143072881438151,69.71331147821631,60.61882190479148,65.64420669584302,114.30728814381501,8.182798688692978,60.0,Normal,normal
2024-08-24 09:10:00,41.715037488393904,42.76198220883933,1.046944720445424,70.07679129207413,64.27144388662278,65.68941173451837,104.6944720445423,8.204607477524448,60.0,Normal,normal
2024-08-24 09:15:00,41.86490480924817,42.932207756633105,1.0673029473849311,67.41385533529645,60.09049584048093,63.58549576123339,106.73029473849303,8.044831320117787,60.0,Normal,normal
2024-08-24 09:20:00,40.966143804528684,42.060684655985064,1.0945408514563795,69.15396520063048,66.4921010810121,64.67134479268177,109.45408514563769,8.14923791203783,60.0,Normal,normal
2024-08-24 09:25:00,41.19605315674139,42.20200605796892,1.0059529012275306,69.1891336245278,62.568538619727924,64.27670132556267,100.59529012275281,8.151348017471669,60.0,Normal,normal
2024-08-24 09:30:00,41.58988170113705,42.64422321698732,1.0543415158502683,68.42657200170281,63.598887418523766,64.63086381883346,105.43415158502691,8.105594320102169,60.0,Normal,normal
2024-08-24 09:35:00,40.19287200955606,41.15324573449777,0.9603737249417108,69.13105778643188,62.424709652754785,65.84656170707325,96.03737249417141,8.147863467185914,60.0,Normal,normal
2024-08-24 09:40:00,41.93506066636406,43.039263627159606,1.104202960795547,68.19243589028339,63.8898811831139,65.41650945037482,110.42029607955497,8.091546153417003,60.0,Normal,normal
2024-08-24 09:45:00,40.60481490270044,41.69276338712933,1.0879484844288925,70.24939746580513,64.94823885264616,65.49276398550542,108.79484844288889,8.214963847948308,60.0,Normal,normal
2024-08-24 09:50:00,41.507308759784564,42.50651375210904,0.9992049923244792,68.14681478708026,60.942398020012995,66.86190378992504,99.92049923244774,8.088808887224815,60.0,Normal,normal
2024-08-24 09:55:00,41.55634452630734,42.58947598859573,1.033131462288388,66.6743108932394,59.3262323086024,69.78799310138973,103.31314622883863,8.000458653594364,60.0,Normal,normal
2024-08-24 10:00:00,41.35493212677466,42.3578127454388,1.0028806186641361,69.0973544776914,61.5280289916788,70.0604290536572,100.28806186641327,8.145841268661485,60.0,Normal,normal
2024-08-24 10:05:00,40.646078625518946,41.695371014877736,1.04929238935879,64.9596054332319,63.47566531815714,67.77707565338802,104.92923893587883,7.8975763259939145,60.0,Normal,normal
2024-08-24 10:10:00,40.508679819110675,41.55429806134997,1.0456182422392928,63.97875711930685,62.747335869014606,64.56400745248622,104.56182422392932,7.838725427158411,60.0,Normal,normal
2024-08-24 10:15:00,41.50721188058233,42.56767332113395,1.0604614405516202,63.86112834799899,59.58791821470925,61.65128283841896,106.046144055162,7.83166770087994,60.0,Normal,normal
2024-08-24 10:20:00,40.77252731978102,41.767933010407575,0.9954056906265549,67.87557535401481,62.952631590123744,67.91909453511569,99.54056906265532,8.07253452124089,60.0,Normal,normal
2024-08-24 10:25:00,40.96621692813891,41.92993716303778,0.9637202348988652,66.63290418541605,60.93625838178182,69.02488703587723,96.37202348988656,7.997974251124964,60.0,Normal,normal
2024-08-24 10:30:00,41.14724256318359,42.099859754069996,0.9526171908864072,68.2874064094927,58.04203645247955,68.94595295745137,95.26171908864103,8.097244384569562,60.0,Normal,normal
2024-08-24 10:35:00,40.128873365080466,41.176251429228074,1.0473780641476083,64.7835494285734,59.22667959235969,68.75168821885082,104.7378064147605,7.887012965714404,60.0,Normal,normal
2024-08-24 10:40:00,40.623702866156435,41.58579125078294,0.9620883846265045,65.84559026835693,61.14766948170067,67.89746558482932,96.20883846265072,7.950735416101415,60.0,Normal,normal
2024-08-24 10:45:00,39.81899530922426,40.77706962188728,0.9580743126630153,67.59128369535922,63.15091191742857,70.01714869097995,95.80743126630165,8.055477021721554,60.0,Normal,normal
2024-08-24 10:50:00,40.0939260765087,41.11539672748674,1.0214706509780385,65.25092827632024,64.23757266574046,71.52367749449178,102.14706509780395,7.9150556965792145,60.0,Normal,normal
2024-08-24 10:55:00,40.93700893629688,41.7980943931096,0.8610854568127237,64.5382685519207,61.736305067235016,69.89754530629418,86.10854568127237,7.872296113115242,60.0,Normal,normal
2024-08-24 11:00:00,39.591073676872085,40.55018079152124,0.9591071146491572,65.1302058481699,61.11468750207797,67.6144180944918,95.91071146491547,7.907812350890194,60.0,Normal,normal
2024-08-24 11:05:00,40.932491685561494,41.89106173617495,0.9585700506134529,62.14972116487541,62.194840935554076,70.20410818749163,95.85700506134522,7.728983269892524,60.0,Normal,normal
2024-08-24 11:10:00,40.23942927546569,41.1530369284441,0.9136076529784134,64.28187591764123,63.938545602959636,68.15493121095386,91.36076529784165,7.856912555058473,60.0,Normal,normal
2024-08-24 11:15:00,40.94813225079465,41.893427998430546,0.9452957476358961,68.27047807363722,62.59557351541353,66.57970339256877,94.5295747635898,8.096228684418232,60.0,Normal,normal
2024-08-24 11:20:00,40.21291707078334,41.05842393652825,0.845506865744909,64.80383087403875,62.393265463576775,65.7239430815818,84.55068657449084,7.888229852442325,60.0,Normal,normal
2024-08-24 11:25:00,40.167736872127946,41.110155354876945,0.9424184827489981,65.38497898233844,62.04966386752825,67.55535226052486,94.24184827489971,7.923098738940306,60.0,Normal,normal
2024-08-24 11:30:00,39.72310263587468,40.70705382304963,0.9839511871749451,68.43875915378764,62.34769035320861,67.343858893619,98.39511871749457,8.106325549227257,60.0,Normal,normal
2024-08-24 11:35:00,39.786702820498846,40.748769543636676,0.9620667231378306,62.87480243573894,57.022445653326685,65.14308415086226,96.20667231378278,7.772488146144337,60.0,Normal,normal
2024-08-24 11:40:00,40.54202766213374,41.49180725203654,0.9497795899027963,66.28566792381173,60.361145176735185,64.36648707436525,94.97795899027977,7.977140075428704,60.0,Normal,normal
2024-08-24 11:45:00,40.111393632088564,41.07840217863239,0.9670085465438234,65.63258037626188,62.710487302127284,68.6419631018038,96.70085465438224,7.937954822575713,60.0,Normal,normal
2024-08-24 11:50:00,40.22112258902212,41.1295561150452,0.9084335260230745,65.35064373827058,60.617638225432216,70.55238412743259,90.84335260230753,7.9210386242962345,60.0,Normal,normal
2024-08-24 11:55:00,39.985835573116674,40.951570978075914,0.9657354049592399,66.32048646972252,61.923476521604535,69.39791517480441,96.57354049592372,7.979229188183352,60.0,Normal,normal
2024-08-24 12:00:00,40.02758288702568,40.94692139401637,0.919338506990691,63.91549494833404,56.10267042683956,70.98656982372712,91.93385069906901,7.834929696900042,60.0,Normal,normal
2024-08-24 12:05:00,40.26278314638011,41.16631595440262,0.9035328080225113,68.56425622213837,58.59371164890498,70.92510377613931,90.35328080225139,8.113855373328303,60.0,Normal,normal
2024-08-24 12:10:00,40.00541567580003,41.022016993017516,1.0166013172174857,61.749186894032874,57.00056059821284,71.4938971950087,101.66013172174881,7.704951213641972,60.0,Normal,normal
2024-08-24 12:15:00,40.29540105100998,41.17965220121144,0.8842511502014574,65.30557485659706,59.74391015726708,68.70586506495309,88.42511502014604,7.918334491395823,60.0,Normal,normal
2024-08-24 12:20:00,39.07634716268169,40.05334718662321,0.9770000239415211,65.6451807595055,61.74020705764792,69.48807272765356,97.7000023941523,7.93871084557033,60.0,Normal,normal
2024-08-24 12:25:00,39.211083539976805,40.152006258232106,0.940922718255301,65.35341898636966,58.65138139388952,67.75589082627901,94.09227182553037,7.921205139182179,60.0,Normal,normal
2024-08-24 12:30:00,39.65984640574805,40.59186427779996,0.9320178720519081,65.9699762651792,56.04608184864833,67.51809420800673,93.20178720519111,7.958198575910751,60.0,Normal,normal
2024-08-24 12:35:00,40.27227340588005,41.20953759437529,0.9372641884952415,66.1707175053115,61.779477872001486,68.15541123123985,93.72641884952415,7.9702430503186905,60.0,Normal,normal
2024-08-24 12:40:00,40.24325622164903,41.12015363140994,0.8768974097609146,65.87208709492313,60.79680660984696,72.1081059110312,87.68974097609136,7.952325225695388,60.0,Normal,normal
2024-08-24 12:45:00,40.06338582747096,40.98005628588051,0.9166704584095484,61.959680654076934,59.78427291133431,65.13934097348104,91.66704584095517,7.717580839244616,60.0,Normal,normal
2024-08-24 12:50:00,40.4264518570267,41.33913462981213,0.9126827727854305,66.56444586955261,56.025536187255746,70.01074687693244,91.26827727854277,7.993866752173156,60.0,Normal,normal
2024-08-24 12:55:00,40.217879772017675,41.03619984503357,0.8183200730158973,61.64743940209549,57.25353275306118,72.45408434390549,81.83200730158939,7.69884636412573,60.0,Normal,normal
2024-08-24 13:00:00,39.88477364210752,40.75175288326914,0.8669792411616228,66.41064335050183,58.53242945364918,65.43919269178983,86.6979241161621,7.98463860103011,60.0,Normal,normal
2024-08-24 13:05:00,39.380598516902815,40.26962578658194,0.8890272696791257,60.212055953142624,59.751162351860685,68.25052045719802,88.9027269679129,7.612723357188558,60.0,Normal,normal
2024-08-24 13:10:00,38.908082798145486,39.83704717806746,0.9289643799219718,67.08126841414632,58.09964722164931,71.87486523764717,92.89643799219736,8.02487610484878,60.0,Normal,normal
2024-08-24 13:15:00,39.272681419595905,40.07613193674338,0.8034505171474748,63.54390736568978,58.717479965305394,71.41964965760869,80.34505171474716,7.812634441941387,60.0,Normal,normal
2024-08-24 13:20:00,39.144275901865484,40.0079041329117,0.8636282310462136,63.48094765535633,60.48235823116211,72.21411118630425,86.36282310462134,7.80885685932138,60.0,Normal,normal
2024-08-24 13:25:00,39.52786141291387,40.44517202911991,0.9173106162060378,64.17845400338022,60.89577906641455,72.07657732431782,91.73106162060367,7.850707240202814,60.0,Normal,normal
2024-08-24 13:30:00,40.73938169698926,41.642095409172256,0.9027137121829938,63.89748571514799,55.716004746335685,68.83879242636927,90.27137121829924,7.833849142908879,60.0,Normal,normal
2024-08-24 13:35:00,39.39513253173598,40.32150818241315,0.9263756506771657,62.76425648415405,53.334237774575016,69.41824975790685,92.63756506771635,7.765855389049244,60.0,Normal,normal
2024-08-24 13:40:00,39.21030262212166,40.14396221656193,0.9336595944402717,62.321172201666485,56.82488743029193,68.21722631111973,93.36595944402745,7.73927033209999,60.0,Normal,normal
2024-08-24 13:45:00,39.2574433098069,40.14313252883102,0.8856892190241155,61.18151318433042,58.28664392324981,66.11591362272613,88.56892190241119,7.670890791059825,60.0,Normal,normal
2024-08-24 13:50:00,38.9603146744821,39.87818673774094,0.9178720632588409,61.50945487563104,57.72212342601679,70.94582914534129,91.78720632588438,7.690567292537862,60.0,Normal,normal
2024-08-24 13:55:00,38.76295821885805,39.666039868967054,0.9030816501090015,62.598379341561404,58.02045560638259,65.99674818941851,90.30816501090047,7.755902760493685,60.0,Normal,normal
2024-08-24 14:00:00,38.292900519556234,39.129314904932684,0.8364143853764503,63.67912573458017,53.149310387469264,67.50600308281277,83.64143853764519,7.82074754407481,60.0,Normal,normal
2024-08-24 14:05:00,39.315172672602266,40.19327215975107,0.8780994871488019,59.62472197212639,58.34270592546296,66.54905323569551,87.80994871487995,7.577483318327583,60.0,Normal,normal
2024-08-24 14:10:00,39.062591324642156,40.024747039067904,0.962155714425748,61.944093886180795,58.13300039928336,70.02882450060106,96.21557144257498,7.716645633170848,60.0,Normal,normal
2024-08-24 14:15:00,39.6476947830495,40.37885250439489,0.7311577213453901,62.86262066504694,57.5316626285238,67.08668311823456,73.11577213453873,7.771757239902817,60.0,Normal,normal
2024-08-24 14:20:00,38.68666701282344,39.713731956989236,1.0270649441657937,63.97600435404488,53.836893561639464,70.15945630113752,102.70649441657916,7.838560261242693,60.0,Normal,normal
2024-08-24 14:25:00,38.64021037176365,39.52563717217102,0.885426800407366,59.83547232453123,54.6372533714715,68.58965417583524,88.54268004073691,7.590128339471875,60.0,Normal,normal
2024-08-24 14:30:00,38.31891130302118,39.21246406330124,0.893552760280059,61.296953043260935,58.63658524828116,69.28118143915302,89.35527602800622,7.677817182595656,60.0,Normal,normal
2024-08-24 14:35:00,38.24580627911241,39.18485192470909,0.9390456455966856,62.4179185077864,57.289395351881296,70.650931691425,93.9045645596687,7.745075110467185,60.0,Normal,normal
2024-08-24 14:40:00,39.0313167424864,39.94369185392448,0.9123751114380738,64.01919577626214,53.131999676921666,68.66105329227858,91.23751114380735,7.841151746575728,60.0,Normal,normal
2024-08-24 14:45:00,39.32291830050482,40.11858273153733,0.7956644310325132,61.782093827443234,54.10510915533419,71.7629760358215,79.566443103251,7.706925629646594,60.0,Normal,normal
2024-08-24 14:50:00,39.62828827899379,40.42450013198397,0.7962118529901758,62.72089728384633,58.50804626707633,73.09653804726,79.62118529901771,7.7632538370307795,60.0,Normal,normal
2024-08-24 14:55:00,39.23590865271726,40.072161015795636,0.8362523630783798,62.879457055153885,55.32097942914133,70.0931757453227,83.62523630783808,7.772767423309233,60.0,Normal,normal
2024-08-24 15:00:00,38.172255370713465,38.9013447403643,0.7290893696508363,64.3128886698268,53.85038373806081,71.85899487738813,72.90893696508344,7.858773320189608,60.0,Normal,normal
2024-08-24 15:05:00,38.41416107372119,39.24113818079135,0.8269771070701637,60.50703388573844,57.66029855881929,70.04474752145607,82.69771070701601,7.630422033144306,60.0,Normal,normal
2024-08-24 15:10:00,38.93091104089427,39.864569196224686,0.9336581553304129,59.86511868364805,57.78007168659811,69.03711634039136,93.3658155330412,7.591907121018883,60.0,Normal,normal
2024-08-24 15:15:00,38.32524478697936,39.245386544145305,0.9201417571659434,61.276308161377806,55.83787897948091,67.92971401049611,92.0141757165946,7.676578489682668,60.0,Normal,normal
2024-08-24 15:20:00,38.26035674657406,39.19767944002104,0.9373226934469798,61.96966211271205,57.224760125533166,72.43357568942515,93.7322693446982,7.718179726762723,60.0,Normal,normal
2024-08-24 15:25:00,37.88519910468627,38.75651264607188,0.8713135413856108,63.999339195670686,54.341548955101345,65.15995225657802,87.13135413856112,7.839960351740242,60.0,Normal,normal
2024-08-24 15:30:00,38.70167823329212,39.550277615690085,0.8485993823979641,65.04686346351848,55.3796112101278,70.5572952552395,84.85993823979645,7.9028118078111085,60.0,Normal,normal
2024-08-24 15:35:00,39.71634730624063,40.59385681377674,0.8775095075361108,58.11635687547582,59.23369976884434,66.88956366024092,87.75095075361106,7.48698141252855,60.0,Normal,normal
2024-08-24 15:40:00,39.173136900835765,40.01177385080642,0.8386369499706561,60.95963768693397,53.20842594548063,69.00386559958538,83.8636949970658,7.657578261216038,60.0,Normal,normal
2024-08-24 15:45:00,39.61865339029482,40.517432048338605,0.8987786580437884,60.059881769877165,58.474224240816014,66.29898528111306,89.87786580437887,7.60359290619263,60.0,Normal,normal
2024-08-24 15:50:00,38.26894869661912,39.10597630533932,0.8370276087201987,61.1733628815092,56.90419882686873,69.98327861787101,83.70276087202016,7.670401772890552,60.0,Normal,normal
2024-08-24 15:55:00,38.824910711604836,39.65912059594831,0.8342098843434727,58.99404338918188,59.13667868789072,69.96368657406543,83.4209884343476,7.539642603350913,60.0,Normal,normal
2024-08-24 16:00:00,38.44289347558433,39.24664599217214,0.8037525165878137,67.23193831196667,53.91186019903432,69.98636909892963,80.37525165878155,8.033916298718001,60.0,Normal,normal
2024-08-24 16:05:00,37.84482331464757,38.65570252229844,0.8108792076508706,61.3205085346484,57.11716633057813,70.37196549683499,81.08792076508674,7.679230512078904,60.0,Normal,normal
2024-08-24 16:10:00,37.67950496590943,38.47838351623709,0.7988785503276574,59.55155867662921,53.79831925448617,69.98713432358463,79.88785503276598,7.5730935205977525,60.0,Normal,normal
2024-08-24 16:15:00,38.405904954690634,39.193511974731045,0.7876070200404115,60.23059992247009,57.855757664188666,73.05661929387769,78.76070200404122,7.6138359953482055,60.0,Normal,normal
2024-08-24 16:20:00,38.65461623895324,39.47864495449108,0.8240287155378425,62.574928960334944,58.07871006127662,73.03990727674146,82.40287155378414,7.754495737620097,60.0,Normal,normal
2024-08-24 16:25:00,38.11612837732262,38.902764021560564,0.786635644237947,62.94775097087055,58.74969983717649,72.83341392698836,78.66356442379475,7.776865058252233,60.0,Normal,normal
2024-08-24 16:30:00,38.77493264947113,39.52622573151445,0.7512930820433183,60.37889891052912,57.128189076578245,71.82259632572323,75.12930820433195,7.622733934631747,60.0,Normal,normal
2024-08-24 16:35:00,39.513575009881535,40.265606443776676,0.7520314338951408,59.67015799392221,55.753729557159524,72.00658328453312,75.20314338951444,7.580209479635332,60.0,Normal,normal
2024-08-24 16:40:00,38.37870909172551,39.20171303784927,0.8230039461237553,62.33823394345985,53.834923333627394,67.8637079049688,82.30039461237544,7.740294036607591,60.0,Normal,normal
2024-08-24 16:45:00,38.2654756776305,39.05117453800714,0.785698860376641,60.03933048765998,59.94914855307504,68.5259987509386,78.56988603766416,7.602359829259599,60.0,Normal,normal
2024-08-24 16:50:00,38.144666239146886,38.99866658598248,0.8540003468355906,61.79375036458595,57.37306674886874,68.90548294963041,85.40003468355917,7.707625021875156,60.0,Normal,normal
2024-08-24 16:55:00,38.19088222704777,39.00790494014694,0.8170227130991705,61.34228656381731,54.093161134007204,72.16137718798521,81.70227130991739,7.680537193829038,60.0,Normal,normal
2024-08-24 17:00:00,37.777710480709096,38.58428778624314,0.8065773055340415,58.36876638386279,54.5348238456141,71.89567449920763,80.65773055340384,7.5021259830317675,60.0,Normal,normal
2024-08-24 17:05:00,37.511768181695075,38.352345354385136,0.840577172690061,59.47358328178078,57.04100314600634,71.88052513595177,84.0577172690061,7.5684149969068475,60.0,Normal,normal
2024-08-24 17:10:00,38.60305997623526,39.46957244921073,0.8665124729754723,64.13984205495285,55.90318810971054,69.88888169588604,86.65124729754687,7.848390523297171,60.0,Normal,normal
2024-08-24 17:15:00,37.85835379062134,38.607874263994056,0.7495204733727192,59.920974385627645,56.56531568846777,69.68305320043945,74.95204733727225,7.595258463137659,60.0,Normal,normal
2024-08-24 17:20:00,37.67567464290878,38.41332071281142,0.7376460699026381,58.17788101176354,56.48689184496477,69.66629432435428,73.76460699026372,7.490672860705812,60.0,Normal,normal
2024-08-24 17:25:00,37.90915717830284,38.6439334382271,0.73477625992426,59.82325834695816,54.80927932229306,72.1126557147434,73.47762599242613,7.58939550081749,60.0,Normal,normal
2024-08-24 17:30:00,38.452638960004265,39.179526273568314,0.726887313564049,63.54899526126623,58.19279088568065,69.49014946151176,72.68873135640503,7.812939715675974,60.0,Normal,normal
2024-08-24 17:35:00,38.56457813979095,39.3373386772532,0.772760537462247,58.29570112700643,55.00944294841793,72.67480137178671,77.276053746225,7.497742067620385,60.0,Normal,normal
2024-08-24 17:40:00,37.982500419301374,38.83918160682391,0.8566811875225326,58.88949093867791,57.32047114118061,69.10056294465379,85.66811875225359,7.533369456320675,60.0,Normal,normal
2024-08-24 17:45:00,37.27721398859859,38.08089324297,0.80367925437141,61.73981905358633,55.943506563811425,68.96758033155547,80.3679254371408,7.70438914321518,60.0,Normal,normal
2024-08-24 17:50:00,38.46526216593348,39.277638644591065,0.8123764786575833,57.430801437521325,58.85134338271193,71.48552111665902,81.23764786575867,7.44584808625128,60.0,Normal,normal
2024-08-24 17:55:00,37.518752861888295,38.280377126921586,0.7616242650332907,59.32559005507439,54.75000021790118,72.34150369297518,76.16242650332882,7.559535403304464,60.0,Normal,normal
2024-08-24 18:00:00,37.95122211412301,38.86321737631793,0.9119952621949139,58.910640406971275,58.20984687024387,71.87847712037323,91.19952621949133,7.534638424418276,60.0,Normal,normal
2024-08-24 18:05:00,37.76749070354661,38.50469770882951,0.7372070052828974,64.38703865127951,57.321635595244004,73.81538691671297,73.72070052828951,7.863222319076771,60.0,Normal,normal
2024-08-24 18:10:00,38.776109390206564,39.49208332488196,0.7159739346753966,60.18950367493151,54.44009835579678,69.83505020159076,71.59739346753933,7.611370220495891,60.0,Normal,normal
2024-08-24 18:15:00,37.939267033507974,38.69247709779983,0.7532100642918564,61.179408677786576,53.83003756968323,71.7929693009758,75.32100642918533,7.670764520667195,60.0,Normal,normal
2024-08-24 18:20:00,38.78898153682684,39.56911888787322,0.7801373510463847,58.23300481297374,57.49359217304545,68.86166411023144,78.01373510463824,7.493980288778425,60.0,Normal,normal
2024-08-24 18:25:00,38.60543912594338,39.362198197300394,0.7567590713570169,63.62105698932231,52.54761666824644,71.25474077494304,75.67590713570203,7.817263419359339,60.0,Normal,normal
2024-08-24 18:30:00,37.92869548266424,38.648549235350856,0.7198537526866176,57.85446993226321,54.64097235546135,68.91198546640348,71.98537526866184,7.471268195935792,60.0,Normal,normal
2024-08-24 18:35:00,37.61493845510549,38.39119590905199,0.7762574539464993,58.934676738936915,50.20107304617799,72.388738611661,77.62574539465005,7.536080604336215,60.0,Normal,normal
2024-08-24 18:40:00,37.75898324524894,38.540878193568574,0.781894948319632,58.336502275044424,56.05036275698834,72.15441560860327,78.18949483196316,7.500190136502665,60.0,Normal,normal
2024-08-24 18:45:00,37.56983770341474,38.40880430784849,0.8389666044337503,60.7904288552854,55.30561840112157,74.2896826303949,83.89666044337535,7.647425731317123,60.0,Normal,normal
2024-08-24 18:50:00,37.28276938943057,38.1020224490753,0.8192530596447298,59.34053526749892,59.74564799759727,72.00830343912263,81.92530596447315,7.560432116049935,60.0,Normal,normal
2024-08-24 18:55:00,37.860293266652505,38.542403671233316,0.6821104045808113,59.86504891353328,55.08235508377026,69.5721637233144,68.21104045808134,7.591902934811997,60.0,Normal,normal
2024-08-24 19:00:00,38.33111368209474,39.047298882297696,0.7161852002029576,58.67609444371457,53.549357216186024,72.04366899301138,71.61852002029596,7.520565666622874,60.0,Normal,normal
2024-08-24 19:05:00,38.118360349606434,38.92059719013117,0.8022368405247349,60.97100951228927,56.622366848725164,75.12862743884568,80.22368405247377,7.658260570737356,60.0,Normal,normal
2024-08-24 19:10:00,39.475301211482126,40.28098695533286,0.8056857438507308,58.49743478747774,54.40384658205642,72.53034607163418,80.56857438507312,7.509846087248664,60.0,Normal,normal
2024-08-24 19:15:00,37.56608410918315,38.407775458855205,0.841691349672054,62.14224796662249,51.205273320020055,68.64950636475088,84.16913496720521,7.728534877997349,60.0,Normal,normal
2024-08-24 19:20:00,37.43965166554679,38.33051762991832,0.8908659643715282,59.34019617897119,52.69306411489254,71.04352482055567,89.08659643715274,7.560411770738272,60.0,Normal,normal
2024-08-24 19:25:00,38.1847442562115,39.00580813040044,0.8210638741889369,58.49170424521864,57.02448569199216,71.57658149195065,82.10638741889349,7.5095022547131185,60.0,Normal,normal
2024-08-24 19:30:00,37.26218606705359,38.077592881132475,0.8154068140788837,60.61057041723108,54.15631154656159,69.11570978270086,81.5406814078885,7.636634225033864,60.0,Normal,normal
2024-08-24 19:35:00,38.858462323492084,39.66194898641283,0.8034866629207471,63.39317275232978,54.85685892926377,70.10700789658651,80.3486662920748,7.803590365139787,60.0,Normal,normal
2024-08-24 19:40:00,38.21823833620361,38.974491529319366,0.7562531931157537,57.00436568739722,54.49075569192657,72.41641400579933,75.6253193115755,7.420261941243833,60.0,Normal,normal
2024-08-24 19:45:00,37.107861493897815,37.925334850265656,0.8174733563678416,59.81353217408904,54.77791377294152,70.96588748755264,81.74733563678396,7.588811930445343,60.0,Normal,normal
2024-08-24 19:50:00,37.817229213187815,38.73590985378325,0.9186806405954329,60.75144602628699,55.76259236769495,71.12684215309739,91.86806405954307,7.64508676157722,60.0,Normal,normal
2024-08-24 19:55:00,37.91246601409219,38.74078149409272,0.8283154800005335,61.61425512715089,54.461503462222666,69.31681862694722,82.83154800005369,7.696855307629053,60.0,Normal,normal
2024-08-24 20:00:00,38.48663887198366,39.27820123197237,0.7915623599887098,61.37559892318309,57.404682851086925,72.34031872955902,79.15623599887104,7.682535935390986,60.0,Normal,normal
2024-08-24 20:05:00,38.42999827222558,39.27204295975154,0.8420446875259557,60.249983935226666,57.053814265686356,68.41904398745191,84.20446875259528,7.6149990361136,60.0,Normal,normal
2024-08-24 20:10:00,37.97790711699419,38.776003705188764,0.798096588194575,57.22242162218643,53.278651522581356,72.45063639597333,79.80965881945731,7.4333452973311855,60.0,Normal,normal
2024-08-24 20:15:00,38.09238135928119,39.00674956794905,0.9143682086678595,62.3981726539027,57.174279938225844,69.39042370823566,91.43682086678572,7.743890359234162,60.0,Normal,normal
2024-08-24 20:20:00,38.06832734105183,38.94060495106741,0.8722776100155798,60.56271227406915,56.101243006717574,71.37118722750355,87.22776100155781,7.633762736444149,60.0,Normal,normal
2024-08-24 20:25:00,38.49577842250788,39.28069497209582,0.7849165495879404,60.26242079010692,55.467491485315776,74.69042381930007,78.49165495879394,7.615745247406415,60.0,Normal,normal
2024-08-24 20:30:00,38.03752492994409,38.80954953227372,0.7720246023296298,58.82248699440186,59.035669102802835,71.49852513391998,77.20246023296318,7.529349219664112,60.0,Normal,normal
2024-08-24 20:35:00,38.131222815962374,39.06201721753088,0.9307944015685052,58.92131632122186,50.81717314984675,68.43613611229965,93.0794401568505,7.535278979273311,60.0,Normal,normal
2024-08-24 20:40:00,38.33713270287258,39.18015134674906,0.8430186438764764,61.33368950289563,57.502623989612076,66.50149368277944,84.30186438764753,7.680021370173738,60.0,Normal,normal
2024-08-24 20:45:00,37.73329659824306,38.6323834331565,0.8990868349134402,58.67669669843844,55.14650704351769,69.50277981805851,89.90868349134433,7.520601801906307,60.0,Normal,normal
2024-08-24 20:50:00,38.54391651931508,39.3991499460565,0.8552334267414139,61.995894629550506,54.51704663682105,70.24303890951178,85.5233426741416,7.7197536777730305,60.0,Normal,normal
2024-08-24 20:55:00,38.035485549322225,38.90119177244446,0.8657062231222383,61.12271751071577,57.952248305421755,69.12436407932753,86.57062231222385,7.667363050642947,60.0,Normal,normal
2024-08-24 21:00:00,38.313489158785885,39.21623114816954,0.9027419893836566,62.085070214310264,57.476337710071505,71.249821961249,90.27419893836576,7.725104212858616,60.0,Normal,normal
2024-08-24 21:05:00,38.30072175639603,39.23446754578907,0.9337457893930434,61.58642021640051,55.28242587457594,68.3512088293119,93.37457893930447,7.695185212984031,60.0,Normal,normal
2024-08-24 21:10:00,38.26513637246999,39.12453922050558,0.8594028480355931,64.74713848691823,55.33634099434106,71.57838715938065,85.94028480355912,7.884828309215094,60.0,Normal,normal
2024-08-24 21:15:00,38.286890134762594,39.08932135817047,0.8024312234078792,61.21634984172697,63.19890263485364,69.1767365420588,80.24312234078822,7.672980990503618,60.0,Normal,normal
2024-08-24 21:20:00,38.13220541655396,39.08514623083367,0.9529408142797138,68.08488901405991,56.59935010841181,70.78461817449677,95.29408142797115,8.085093340843596,60.0,Normal,normal
2024-08-24 21:25:00,39.04414535400639,39.77686296412203,0.7327176101156425,64.34038606212968,54.82028418992434,69.83178310090769,73.27176101156407,7.860423163727781,60.0,Normal,normal
2024-08-24 21:30:00,37.880376265815755,38.737207303316815,0.8568310375010597,67.27930749402324,59.155921869198224,66.96346510437633,85.68310375010573,8.036758449641395,60.0,Normal,normal
2024-08-24 21:35:00,38.95008868067278,39.759831070634156,0.8097423899613787,58.513450465875295,56.33135950917177,67.5239614935939,80.97423899613793,7.510807027952517,60.0,Normal,normal
2024-08-24 21:40:00,38.91369322829645,39.814703721432664,0.9010104931362122,61.65903481375958,56.09370042014448,67.87435317116115,90.101049313621,7.6995420888255754,60.0,Normal,normal
2024-08-24 21:45:00,39.80829494836134,40.5730235332739,0.7647285849125538,60.77271551045804,56.53254532413974,71.49197095107428,76.47285849125502,7.6463629306274825,60.0,Normal,normal
2024-08-24 21:50:00,39.04426909472486,39.9955601689357,0.951291074210836,64.29372415839717,55.797385946220096,70.31648573925138,95.1291074210833,7.85762344950383,60.0,Normal,normal
2024-08-24 21:55:00,39.32832532204824,40.17671442487335,0.8483891028251165,62.24837693700416,59.33571710222053,70.02976853887398,84.83891028251189,7.73490261622025,60.0,Normal,normal
2024-08-24 22:00:00,38.51397396581497,39.46028780758263,0.9463138417676618,64.14064189126009,56.48708847256174,65.96520936779143,94.63138417676595,7.848438513475605,60.0,Normal,normal
2024-08-24 22:05:00,38.55195303932455,39.468455713647174,0.9165026743226221,63.91715662503033,57.31855232800089,67.93800927170497,91.6502674322624,7.8350293975018195,60.0,Normal,normal
2024-08-24 22:10:00,38.97755023385449,39.879817828434184,0.9022675945796976,61.22094766941291,56.47039586274413,67.71925170563307,90.22675945796998,7.673256860164774,60.0,Normal,normal
2024-08-24 22:15:00,38.8959889969723,39.7595303838195,0.8635413868472028,62.505336635316695,57.484376754367275,73.79502320878811,86.35413868472047,7.750320198119002,60.0,Normal,normal
2024-08-24 22:20:00,37.79168203102293,38.634900654880006,0.8432186238570765,61.338478233961666,58.89543519296279,73.37826882843673,84.3218623857074,7.6803086940377,60.0,Normal,normal
2024-08-24 22:25:00,39.031459858290766,39.87835347898568,0.8468936206949138,64.08156011913417,57.679108182137014,68.91298453369188,84.68936206949166,7.84489360714805,60.0,Normal,normal
2024-08-24 22:30:00,39.73054608922729,40.64059240014014,0.910046310912854,62.54802523847364,57.04878383581049,71.56460198109424,91.00463109128575,7.752881514308418,60.0,Normal,normal
2024-08-24 22:35:00,39.6760313303787,40.54373858036327,0.8677072499845693,64.80126639172875,60.474811019936276,72.32660280688332,86.77072499845683,7.888075983503724,60.0,Normal,normal
2024-08-24 22:40:00,38.969068420850874,39.80289521125712,0.8338267904062491,62.42895806231798,56.67096690453941,69.09150775447753,83.3826790406246,7.745737483739079,60.0,Normal,normal
2024-08-24 22:45:00,40.44365421921765,41.28433921454403,0.8406849953263844,64.05052723208695,60.65984169143186,70.9615205257032,84.06849953263813,7.843031633925217,60.0,Normal,normal
2024-08-24 22:50:00,39.015808492165924,39.862154361403924,0.8463458692380001,59.96351304830801,59.490127587125585,73.19493894810435,84.63458692380024,7.59781078289848,60.0,Normal,normal
2024-08-24 22:55:00,39.15928580502183,40.08609532034407,0.9268095153222404,63.48948799042524,55.896856419211744,67.79432360469158,92.68095153222396,7.809369279425514,60.0,Normal,normal
2024-08-24 23:00:00,38.96228111110856,39.84517646405571,0.8828953529471519,62.881369715755945,60.08328333479538,66.62138654751959,88.28953529471487,7.772882182945357,60.0,Normal,normal
2024-08-24 23:05:00,38.90909950303678,39.71657123816983,0.8074717351330492,63.376838228017675,60.52793632770745,69.92004754732352,80.74717351330473,7.80261029368106,60.0,Normal,normal
2024-08-24 23:10:00,39.202685035697804,40.10270975819094,0.9000247224931357,63.75433346404215,57.59064914296523,68.72716001688681,90.00247224931329,7.8252600078425285,60.0,Normal,normal
2024-08-24 23:15:00,40.20295048681271,41.030857715265135,0.8279072284524247,63.17955212852574,58.54359858974235,68.25296518954097,82.7907228452423,7.790773127711544,60.0,Normal,normal
2024-08-24 23:20:00,39.91551614969802,40.8336785263535,0.9181623766554807,63.02597381695536,59.25198216501955,71.11496458446955,91.81623766554792,7.781558429017322,60.0,Normal,normal
2024-08-24 23:25:00,40.653752535444106,41.62377819762828,0.9700256621841774,64.6859795563581,57.33191000777106,68.58644357766164,97.00256621841788,7.881158773381486,60.0,Normal,normal
2024-08-24 23:30:00,39.368082772512516,40.42386291102263,1.0557801385101158,65.50129814917348,60.62331103078566,70.08021564918454,105.57801385101148,7.930077888950409,60.0,Normal,normal
2024-08-24 23:35:00,40.41942473926194,41.327339540499636,0.9079148012376947,62.76151024822623,60.05728403504488,70.32375567662216,90.79148012376982,7.765690614893574,60.0,Normal,normal
2024-08-24 23:40:00,40.09168217526543,41.11510867813889,1.0234265028734555,63.7835880346473,61.27645545768886,70.84141874412975,102.34265028734535,7.827015282078838,60.0,Normal,normal
2024-08-24 23:45:00,39.33823564059595,40.308780117200484,0.9705444766045375,64.80294728802238,60.36107400176855,67.38892194842123,97.0544476604534,7.888176837281343,60.0,Normal,normal
2024-08-24 23:50:00,39.4807270947221,40.479119415651795,0.9983923209296961,66.9144312988822,61.029559360795844,67.61170886961885,99.83923209296952,8.014865877932932,60.0,Normal,normal
2024-08-24 23:55:00,39.1772653259176,40.14018004699896,0.9629147210813542,63.07676402008271,59.95898141865266,66.47043284277584,96.29147210813535,7.784605841204963,60.0,Normal,normal
